{"cameraMode":{"drawMode":0,"name":"Shaded","section":"Shading Mode"},"sceneLighting":true,"audioPlay":false,"sceneViewState":{"showFog":true,"showMaterialUpdate":true,"showSkybox":true,"showFlares":true,"showImageEffects":true,"showParticleSystems":true},"in2DMode":false,"pivot":{"x":0.6202999949455261,"y":0.00009999999747378752,"z":2.4495999813079836},"rotation":{"x":-0.6916618943214417,"y":-0.004984796512871981,"z":0.004774498287588358,"w":-0.7221885323524475},"size":0.8843452334403992,"orthographic":true}