{"cameraMode":{"drawMode":0,"name":"Shaded","section":"Shading Mode"},"sceneLighting":true,"audioPlay":false,"sceneViewState":{"showFog":true,"showMaterialUpdate":false,"showSkybox":true,"showFlares":true,"showImageEffects":true,"showParticleSystems":true},"in2DMode":false,"pivot":{"x":960.0000610351563,"y":539.94189453125,"z":0.8798000812530518},"rotation":{"x":0.004189616534858942,"y":-0.024900123476982118,"z":-0.00010468288382980973,"w":-0.9996812343597412},"size":3634.89208984375,"orthographic":false}