{"cameraMode":{"drawMode":0,"name":"Shaded","section":"Shading Mode"},"sceneLighting":true,"audioPlay":false,"sceneViewState":{"showFog":true,"showMaterialUpdate":false,"showSkybox":true,"showFlares":true,"showImageEffects":true,"showParticleSystems":true},"in2DMode":false,"pivot":{"x":8.434000015258789,"y":0.0,"z":1.2000000476837159},"rotation":{"x":-0.6098344326019287,"y":-0.09749478846788407,"z":0.0759492814540863,"w":-0.7828335762023926},"size":2.3334529399871828,"orthographic":false}