{"cameraMode":{"drawMode":0,"name":"Shaded","section":"Shading Mode"},"sceneLighting":true,"audioPlay":false,"sceneViewState":{"showFog":true,"showMaterialUpdate":false,"showSkybox":true,"showFlares":true,"showImageEffects":true,"showParticleSystems":true},"in2DMode":false,"pivot":{"x":45.310001373291019,"y":1.0,"z":1.2300000190734864},"rotation":{"x":-0.3447223901748657,"y":0.30901363492012026,"z":-0.12132013589143753,"w":-0.878042459487915},"size":20.625003814697267,"orthographic":true}