{"cameraMode":{"drawMode":0,"name":"Shaded","section":"Shading Mode"},"sceneLighting":true,"audioPlay":false,"sceneViewState":{"showFog":true,"showMaterialUpdate":false,"showSkybox":true,"showFlares":true,"showImageEffects":true,"showParticleSystems":true},"in2DMode":false,"pivot":{"x":8.43239974975586,"y":0.001000000280328095,"z":1.1987000703811646},"rotation":{"x":-0.7191382050514221,"y":-0.015214568004012108,"z":0.01575370319187641,"w":-0.6945218443870544},"size":4.720768928527832,"orthographic":false}