{"cameraMode":{"drawMode":0,"name":"Shaded","section":"Shading Mode"},"sceneLighting":true,"audioPlay":false,"sceneViewState":{"showFog":true,"showMaterialUpdate":false,"showSkybox":true,"showFlares":true,"showImageEffects":true,"showParticleSystems":true},"in2DMode":false,"pivot":{"x":8.434000015258789,"y":0.0,"z":1.2000000476837159},"rotation":{"x":-0.6818521618843079,"y":0.004825423937290907,"z":-0.004498384892940521,"w":-0.7314602732658386},"size":2.3334522247314455,"orthographic":true}